{
	"Type": "sap.ui.core.mvc.JSONView",
	"controllerName": "ns.Ex02.controller.JSONView",
	"content": [{
		"Type": "sap.m.Page",
		"title": "Ex02 - JSON View",
		"content": [{
			"Type": "sap.m.Label",
			"id": "lblFirstName",
			"text": "First Name:"
		}, {
			"Type": "sap.m.Input",
			"id": "inpFirstName",
			"text": ""
		}, {
			"Type": "sap.m.Label",
			"id": "lblLastName",
			"text": "Last Name:"
		}, {
			"Type": "sap.m.Input",
			"id": "inpLastName",
			"text": ""
		}, {
			"Type": "sap.m.Button",
			"id": "btnSubmit",
			"text": "Submit"
		}]
	}]
}