{
  "welcomeFile": "/webapp/index.html",
  "routes": [
  	{
  	  "path": "/destinations/Northwinds",
  	  "target": {
  	    "type": "destination",
  	    "name": "Northwinds"
  	  },
  	  "description": "Northwinds OData Service"
  	},
    {
      "path": "/resources",
      "target": {
        "type": "service",
        "name": "sapui5",
        "entryPath": "/resources"
      },
      "description": "SAPUI5 Resources"
    },
    {
      "path": "/test-resources",
      "target": {
        "type": "service",
        "name": "sapui5",
        "entryPath": "/test-resources"
      },
      "description": "SAPUI5 Test Resources"
    }
  ],
  "sendWelcomeFileRedirect": true
}